name,lat,lon,type,details,condition
ဘောဘောကြီးစေတီ,18.786129,95.285541,Monument Site,သရေခေတ္တရာမြို့ဟောင်းရှိ အထင်ကရစေတီကြီး တစ်ဆူဖြစ်သည့် ဘောဘောကြီးစေတီသည် သရေခေတ္တရာမြို့ဟောင်းမြို့ရိုး၏ တောင်ဘက်၊ ရဟန္တာတံခါးပေါက်၏ အရှေ့တောင်ဘက် (၈၅၆) မီတာအကွာတွင် တည်ရှိပါ သည်။ ဘောဘောကြီးစေတီသည် ထူပခေါ် စေတီအမျိုးအစားဖြစ်သည်။ ဒွတ္တ ဘောင်မင်းကြီး တည်ထားခဲ့သော ကောင်းမှုစေတီ(၉)ဆူ ထဲတွင် တစ်ဆူ အပါ အဝင်ဖြစ်သည်ဟု အဆိုရှိပါသည်။ ဉာဏ်တော်အမြင့်(၄၆.၆၃) မီတာ ရှိသည်။ ၁၉၀၇-ခုနှစ်မှစ၍ ဘောဘောကြီးစေတီကို နှစ်စဉ်ပြုပြင်ထိန်းသိမ်းသည့် လုပ်ငန်း များကို ဆောင်ရွက်ခဲ့ပါသည်။ ဘုရားတစ်ဝိုက်တွင် ချုံနွယ်များရှင်းလင်းခြင်း၊ သဲခဲနှင့်အုတ်ဆွေးအုတ်မြေ့များကို ဖယ်ထုတ်၍ ပစ္စယာနှင့်စေတီနံရံများ တွင် အစားထိုးမွမ်းမံပြင်ဆင်ခြင်း၊ ဘုရားပုရဝုဏ် တစ်ဝိုက်ရှိတော်ခြုံများရှင်းလင်း ခြင်းတို့ကိုဆောင်ရွက်ခဲ့ပါသည်။ မှန်နန်းရာဇဝင်ဖော်ပြချက်အရ ဘောဘောကြီး စေတီအတွင်းမှ ဓါတ်တော်၊ ဌာပနာတော်များကို အနော်ရထာမင်းကြီး ပင့် ဆောင်၍ ပုဂံမြို့တော်ရှိရွှေဆံတော်ဘုရားတွင် ထည့်သွင်းဌာပနာခဲ့ကြောင်း သိ ရှိခဲ့ရပါသည်။ ၁၉၁၀-၁၉၁၁ ခုနှစ်တွင် ဘောဘောကြီးစေတီအနီးမှ ကျောက် စာအကျိုး(၂)ပိုင်းကို တူးဖော်တွေ့ရှိခဲ့ပါသည်။ အေဒီ(၆) ရာစု ပျူအက္ခရာဖြင့် ရေးသားထားသော ပါဠိဘာသာအရေးအသားများဖြစ်ပြီး မောင်ကန်ရွှေပေလွှာ အရေးအသားများနှင့်ဆင်တူသည်။ ကျောက်စာပါအကြောင်းအရာများမှာ အဘိ ဓမ္မာပိဋကတ်တော်မှ ဝိဘင်းပါဠိတော် ကောက်နှုတ်ချက်များ ဖြစ်သည်။,Good
ဘဲဘဲဂူဘုရား,18.786418,95.288588,Monument Site,ဘဲဘဲဂူဘုရားသည် သရေခေတ္တရာမြို့ဟောင်း၏တောင်ဘက်၊ ဘော ဘောကြီးစေတီ၏ အရှေ့ဘက်အနီးတွင်တည်ရှိပါသည်။ အရှေ့ဘက်သို့ မျက်နှာ မူတည်ဆောက်ထားပြီး အလျား(၄.၆)မီတာ၊အနံ(၅.၃)မီတာရှိသော လေးထောင့် အုတ်ဂူဘုရားငယ်တစ်ဆူဖြစ်သည်။ အဆောက်အအုံ၏နံရံများတွင် မုခ်ခုံးများနှင့် အင်္ဂတေလက်ရာများပါဝင်သည်။ အဆောက်အအုံအပေါ်ပိုင်းတွင်  ပစ္စယာငယ် သုံးဆင့်ပါဝင်ပြီး ထိုအထက်တွင် သိခရ (ခေါ်) ကွမ်းတောက်ပေါက်ထားသည်။ ဘဲဘဲဂူဘုရားမှ ကွမ်းတောင်သည် ပုဂံဂူဘုရားများ၏ ကွမ်းတောင်များကဲ့သို့ အဆင် တန်ဆာမွမ်းမံထားခြင်းမရှိပေ။ လိုဏ်ဂူအတွင်းတွင် ဘူမိဖဿမုဒြာဟန် ထိုင်တော်မူဗုဒ္ဓရုပ်ပွါးဆင်းတုတစ်ဆူ၊ ရှိခိုးနေသောသာဝကနှစ်ပါးတို့ကို ကျောက် ပြားချပ်ပေါ်တွင် ထုလုပ်ထားရှိပြီး အောက်ခြေတွင် ပျူစာအရေးအသားများ ပါရှိ သည်။ အဆောက်အအုံ၏ ဗိသုကာလက်ရာတို့အရ အေဒီ (၁၁-၁၃)ရာစုအတွင်း တည်ထားခဲ့သော အဆောက်အအုံဖြစ်သည်ဟု ယူဆရသော်လည်း ဗုဒ္ဓရုပ်ပွါး တော်ပါကျောက်ချပ်သည် ပျူခေတ်နှောင်းပိုင်း(အေဒီ-၇)ရာစု ဖြစ်ကြောင်းတွေ့ ရှိရပါသည်။ ဘဲဘဲဂူဘုရားသည် ပျူလူမျိုးတို့၏ဗုဒ္ဓဘာသာ ယုံကြည်ကိုးကွယ်မှု ဆိုင်ရာ ဗိသုကာလက်ရာ၊ ပျူမြို့တော်သက်တမ်းရှည်ကြားခဲ့ပုံနှင့် အစဉ်အဆက် ကိုးကွယ်ထိန်းသိမ်းမှု အထောက်အထားအတွက် အရေးပါသော အဆောက်အ အုံဖြစ်သောကြောင့် ကမ္ဘာ့အမွေအနှစ်စံချိန်စံညွှန်းဝင်အဖြစ် သတ်မှတ်ခဲ့ခြင်း ဖြစ်ပါသည်။,Good
အရှေ့စျေးဂူ ,18.801539,95.291662,Monument Site,သရေခေတ္တရာမြို့ဟောင်းအတွင်းရှိ တောင်လုံးညိုကျေးရွာအနီးတွင် တည်ရှိပါသည်။ အရှေ့အနောက် အလျား(၇.၇) မီတာ၊ တောင်မြောက် (၇.၄) မီတာနှင့် အမြင့် (၇.၂၇) မီတာရှိပြီး၊ အရှေ့ဘက်သို့ အဝင်မုခ်ပေါက်ထုတ်ထား သော လေးထောင့်အဆောက်အအုံ ဂူဘုရားတစ်ဆူဖြစ်သည်။ အဆောက်အအုံ ၏ထိပ်ပိုင်းသည် ပျက်စီးယိုယွင်းနေပြီးဖြစ်သဖြင့် ယင်း၏မူလပုံစံကို မသိနိုင် တော့ပေ။ နံရံအချို့နေရာများတွင် အင်္ဂတေလက်ရာများ၊ ဝင်ပေါက်မုခ်ကပ်များ နှင့် သပ်စီပေါင်းကူးဗိသုကာလက်ရာများ တွေ့ရှိရပါသည်။ ယခင်အဆောက် အအုံအတွင်း၌ ဗုဒ္ဓရုပ်ပွါးတော်ပါ ကျောက်ချပ်တစ်ချပ်တည်ရှိပြီး၊ ယခုအခါ သီရီခေတ္တရာပြတိုက်၌ ပြသထားပါသည်။ အရှေ့စျေးဂူဘုရားသည် ပျူခေတ် နှောင်းပိုင်း (အေဒီ ၁၃) ရာစုတွင် တည်ဆောက်ခဲ့ဟန်ရှိသော ဂူဘုရားဖြစ်ပါ သည်။ အရှေ့စျေးဂူဘုရားသည် ပျူလူမျိုးတို့၏ ဗုဒ္ဓဘာသာယုံကြည်ကိုးကွယ်မှု ဆိုင်ရာ ဗိသုကာလက်ရာ၊ ပျူမြို့တော်သက်တမ်းရှည်ကြာခဲ့ပုံနှင့် အစဉ်အဆက် ကိုးကွယ်ထိန်းသိမ်းမှု အထောက်အထားအတွက် အရေးပါသော အဆောက်အ အုံဖြစ်ခြင်းကြောင့် ကမ္ဘာ့အမွေအနှစ်စံချိန် စံညွှန်းဝင်အဖြစ် သတ်မှတ်ခဲ့ခြင်း ဖြစ်ပါသည်။,Moderate
ထူပါရုံကျောက်ချပ်များ,18.806688,95.281662,Monument Site,မှတ်တမ်းအထောက်အထားမရှိပါ။,Moderate
တူးဖော်မှုကုန်းအမှတ်-၁ (မြို့ရိုး),18.81851,95.27453,Excavated Site,ရှေးဟောင်းသုတေသနပညာရှင်များနှင့် သမိုင်းပညာရှင်များ၏ အဆို အရ သီရိခေတ္တရာသည် အေဒီ (၂) ရာစုခန့်တွင် စတင်တည်ထောင် ခဲ့ပြီး အေဒီ( ၅) ရာစုမှ (၉) ရာစုအတွင်းထွန်းကားခဲ့သည်။ ရာဇဝင်များ အရ ရသေ့၊ သိကြား၊ နဂါး၊ ဂဠုန်၊ စန္နိ၊ ပရမေသွာရ၊ မဟာပိန္နဲတို့သည် သရေခေတ္တရာကို  သက္ကရာဇ် (၁၀၁) ခုနှစ်တွင် ရွှေနန်းတော်နှင့် တကွ တည်၍ ဒွတ္တဘောင်မင်းအား သိကြား မှနန်းတင်တော်မူသည်။  အဓိကမြို့တံခါး (၃၂) ခုနှင့် ဂိတ်တံခါးငယ် (၃၃) ခုတို့ ဖြစ်သည်။ သို့သော် ကံမကောင်းစွာဖြင့် အေဒီ (၉) ရာစုခန့်တွင် ထိုမြို့သည် ဖျက်ဆီးခံခဲ့ရသည်။,Damaged
တူးဖော်မှုကုန်းအမှတ် (၂) (မြို့ရိုး),18.81834,95.27453,Excavated Site,ရှေးဟောင်းသုတေသနပညာရှင်များနှင့် သမိုင်းပညာရှင်များ၏ အဆိုအရ သီရိခေတ္တရာသည် အေဒီ (၂) ရာစုခန့်တွင် စတင်တည်ထောင် ခဲ့ပြီး အေဒီ (၅) ရာစုမှ (၉) ရာစုအတွင်းထွန်းကားခဲ့သည်။ ရာဇဝင်များအရ ရသေ့၊ သိကြား၊ နဂါး ၊ ဂဠုန်၊ စန္နိ၊ ပရမေသွာရ၊ မဟာပိန္နဲတို့သည် သရေခေတ္တရာကို  သက္ကရာဇ် (၁၀၁) ခုနှစ်တွင် ရွှေနန်းတော်နှင့်တကွ တည်၍ ဒွတ္တဘောင်မင်းအား သိကြားမှ နန်း တင်တော်မူသည်။  အဓိကမြို့တံခါး (၃၂) ခုနှင့် ဂိတ်တံခါးငယ် (၃၃) ခုတို့ ဖြစ် သည်။ သို့သော် ကံမကောင်းစွာဖြင့် အေဒီ(၉) ရာစုခန့်တွင် ထိုမြို့သည် ဖျက်ဆီး ခံခဲ့ရသည်။,Moderate
တူးဖော်မှုကုန်းအမှတ် (၃),18.81972,95.27158,Excavated Site,ရှေးဟောင်းသုတေသနပညာရှင်များနှင့် သမိုင်းပညာရှင်များ၏ အဆိုအရ သီရိခေတ္တရာသည် အေဒီ (၂) ရာစုခန့်တွင် စတင်တည်ထောင် ခဲ့ပြီး အေဒီ( ၅) ရာစုမှ (၉) ရာစုအတွင်းထွန်းကားခဲ့သည်။ ရာဇဝင်များအရ ရသေ့၊ သိကြား၊ နဂါး ၊ ဂဠုန်၊ စန္နိ၊ ပရမေသွာရ၊ မဟာပိန္နဲတို့သည် သရေခေတ္တရာကို  သက္ကရာဇ် (၁၀၁) ခုနှစ်တွင် ရွှေနန်းတော်နှင့်တကွ တည်၍ ဒွတ္တဘောင်မင်းအား သိကြားမှနန်း တင်တော်မူသည်။  အဓိကမြို့တံခါး (၃၂) ခုနှင့် ဂိတ်တံခါးငယ် (၃၃) ခုတို့ဖြစ် သည်။ သို့သော် ကံမကောင်းစွာဖြင့်အေဒီ (၉) ရာစုခန့်တွင် ထိုမြို့သည်ဖျက်ဆီး ခံခဲ့ရသည်။,Damaged
တူးဖော်မှုကုန်းအမှတ် (၄),18.82045,95.27085,Excavated Site,ရှေးဟောင်းသုတေသနပညာရှင်များနှင့် သမိုင်းပညာရှင်များ၏ အဆို အရ သီရိခေတ္တရာသည် အေဒီ (၂) ရာစုခန့်တွင် စတင်တည်ထောင်ခဲ့ပြီး အေဒီ( ၅) ရာစုမှ (၉) ရာစုအတွင်းထွန်းကားခဲ့သည်။ ရာဇဝင်များအရ ရသေ့၊ သိကြား၊ နဂါး ၊ ဂဠုန်၊ စန္နိ၊ ပရမေသွာရ၊ မဟာပိန္နဲတို့သည် သရေခေတ္တရာကို  သက္ကရာဇ် (၁၀၁) ခုနှစ်တွင် ရွှေနန်းတော်နှင့်တကွတည်၍ ဒွတ္တဘောင်မင်းအား သိကြားမှ နန်းတင်တော်မူသည်။  အဓိကမြို့တံခါး (၃၂) ခုနှင့် ဂိတ်တံခါးငယ် (၃၃) ခုတို့ဖြစ် သည်။ သို့သော် ကံမကောင်းစွာဖြင့်အေဒီ (၉) ရာစုခန့်တွင် ထိုမြို့သည်ဖျက်ဆီး ခံခဲ့ရသည်။,Damaged
တူးဖော်မှုကုန်းအမှတ် (၅),18.8212,95.27151,Excavated Site,ရှေးဟောင်းသုတေသနပညာရှင်များနှင့် သမိုင်းပညာရှင်များ၏ အဆိုအရ သီရိခေတ္တရာသည် အေဒီ (၂) ရာစုခန့်တွင် စတင်တည်ထောင် ခဲ့ပြီး အေဒီ( ၅) ရာစုမှ (၉) ရာစုအတွင်းထွန်းကားခဲ့သည်။ ရာဇဝင်များအရ ရသေ့၊ သိကြား၊ နဂါး ၊ ဂဠုန်၊ စန္နိ၊ ပရမေသွာရ၊ မဟာပိန္နဲတို့သည် သရေခေတ္တရာကို  သက္ကရာဇ် (၁၀၁) ခုနှစ်တွင် ရွှေနန်းတော်နှင့်တကွတည်၍ ဒွတ္တဘောင်မင်းအား သိကြားမှနန်းတင် တော်မူသည်။  အဓိကမြို့တံခါး (၃၂) ခုနှင့် ဂိတ်တံခါးငယ် (၃၃) ခုတို့ဖြစ်သည်။ သို့သော် ကံမကောင်းစွာဖြင့် အေဒီ (၉) ရာစုခန့်တွင် ထိုမြို့သည်ဖျက်ဆီးခံခဲ့ရ သည်။,Urgent
ထူပါရုံစေတီ,18.806498,95.295069,Monument Site,အထောက်အထားမရှိပါ။,Good
လေးမျက်နှာဂူဘုရား,18.786864,95.29129,Monument Site,လေးမျက်နှာဂူဘုရားသည် သရေခေတ္တရာမြို့ဟောင်း၏ တောင်ဘက် တွင်တည်ရှိပါသည်။ သရေခေတ္တရာမြို့ဟောင်းတွင် တွေ့ရသော ဂူဘုရားများ အနက်တစ်ခုတည်းသော မုခ်လေးမုခ်နှင့် ဝင်ပေါက်လေးပေါက်ပါသော စတု ရန်းပုံလိုဏ်ဂူ ဘုရားငယ်ဖြစ်သည်။ အပေါ်တွင် ပစ္စယာအနိမ့်သုံးဆင့်ပါပြီး အတွင်းသို့ စုဝင်ထားသည့် အမိုးပါအုတ်အဆောက်အအုံအနိမ့်ဖြစ်သည်။ အတွင်းတိုက်ခန်းတွင် အလယ်မဏ္ဍိုင်တည်ဆောက်ထားပြီး ထိုမဏ္ဍိုင်၏လေး မျက်နှာတွင် ဗုဒ္ဓရုပ်ပွါးတော်များကို ရုပ်ကြွထုလုပ်ထားသည့် ကျောက်ချပ်များ ကပ်ထားသည်။ ယခုအခါ တောင်ဘက်၊ မြောက်ဘက်နှင့် အနောက်ဘက် မျက်နှာတို့ရှိ ကျောက်ချပ်များကိုသာ တွေ့နိုင်ပါသည်။ အဆောက်အအုံသည် အရှေ့နောက်(၇)မီတာ၊ တောင်မြောက် (၇)မီတာနှင့် အမြင့်(၆)မီတာ ရှိသည်။ ပျူခေတ်နှောင်း အေဒီ(၇-၉)ရာစုတွင် တည်ဆောက်ခဲ့သော ဂူဘုရားတစ်ဆူဟု ခန့်မှန်းရပါသည်။လေးမျက်နှာဂူဘုရားသည် ပျူလူမျိုးတို့၏ ဗုဒ္ဓသာသနိက ဗိသုကာလက်ရာများတွင် လိုဏ်ဂူဘုရားတိုးတက်မှုအထောက်အထား အတွက် အရေးပါသော အဆောက်အအုံဖြစ်သောကြောင့် ကမ္ဘာ့အမွေအနှစ် စံချိန်စံညွှန်း ဝင် အဖြစ်သတ်မှတ်ခဲ့ခြင်းဖြစ်ပါသည်။ ,Good
မြင်ဗာဟု စေတီ,18.763615,95.277445,Monument Site,သရေခေတ္တရာမြို့ပြည့်ရှင် ဒွတ္တဘောင်မင်းကြီး တည်ထားကိုးကွယ် တော်မူခဲ့သော နဝင်းအကျေ(၉)ဆူအနက် သတ္တမမြောက် သမိုင်းဝင်စေတီဖြစ် သည်။ မြင်ဗာဟု၊ ပုညစေတီဟုလည်း ခေါ်ဆိုကြသည်။ ဗုဒ္ဓဘုရားရှင်၏ လက် ရုံးတွင် ကိန်းအောင်းသော မွေရှင်တော် လက်ရုံးတော်မှဖြစ်သော ဓါတ်တော် တို့ကို ဌာပနာထားသည့် စေတီဖြစ်၍ “အောင်မြင်ဗာဟုစေတီတော်” ဟုဘွဲ့ အမည်တွင်ခဲ့သည်။ ဤစေတီတော်သည် မြန်မာသက္ကရာဇ် ၁၂၅၇-ခုနှစ်တွင် တောင်တွင်းကြီး ဆရာတော် ဦးလာဘဓဇ၊ မြန်မာသက္ကရာဇ် ၁၂၉၄-ခုနှစ်တွင် ဦးအာလောဘ၊ မြန်မာသက္ကရာဇ် ၁၃၃၉ခုနှစ်တွင် အသျှင်မဟာကရဝိဇေယျ တို့ က ဦးဆောင်၍ ပြန်လည်ပြုပြင် မွမ်းမံခဲ့သည်။,Good
ပေါ်တော်မူဘုရား,18.794226,95.292128,Monument Site,အထောက်အထားမရှိပါ။,Good
ဘုရားကြီးစေတီ,18.825164,95.258253,Monument Site,ဘုရားကြီးစေတီသည် ပြည်-အောင်လံကားလမ်းဘေးတွင် တည်ရှိပါ သည်။ အစဉ်အလာပြောဆိုမှုများနှင့် မြန်မာရာဇဝင်ကျမ်းအချို့တွင် ဒွတ္တဘောင် မင်းတည်ထားခဲ့သော စေတီ(၉)ဆူအနက် တစ်ဆူအပါအဝင်ဖြစ်ပြီး ဘုရားရှင် ၏ ဓါတ်တော်စစ်တစ်ဆူကို ထည့်သွင်း ဌာပနာထားသည်ဟုဆိုပါသည်။ စေတီ ၏ ပုံသဏ္ဌာန်သည် အခြေ၌ပြောင်းရှည်ပုံသဏ္ဌာန်ရှိပြီး အပေါ်သို့ကန်တော့ ပုံသဏ္ဌာန် တစ်ဖြေးဖြေးခုံးသွားသော ပုံသဏ္ဌာန်ဖြစ်သည်။ ၎င်းစေတီသည် မူလလက်ရာဖြစ်ပြီး အုတ်နှင့် ထုံးသရွတ်များစေတီ၏ မျက်နှာပြင်တွင် ကျန်ရှိ နေသေးကြောင်း တွေ့ရှိရပါသည်။ ပစ္စယာ(၄)ဆင့်ပါရှိပြီး ထောင့်(၁၆)မြှောင့် ပါသော ပစ္စယာ (၃) ဆင့်နှင့် ထိပ်ဆုံးပစ္စယာမှာ အဝိုင်းပုံသဏ္ဌာန်ရှိသည်။ ဘုရား ကြီးစေတီ၏အမြင့် (၄၆)မီတာ၊ လုံးပတ်တော်မှာ(၁၀၂)မီတာရှိပါသည်။ ဘုရား ကြီးစေတီသည် မြန်မာနိုင်ငံအတွင်း စေတီတည်ထားကိုးကွယ်မှုသမိုင်းတွင် အ စောဆုံးထဲ၌အပါအဝင်ဖြစ်ပြီးပျူခေတ် အလယ်ပိုင်း (အေဒီ ၄-၇) ရာစုတွင် တည်ထားခဲ့သော စေတီတစ်ဆူဖြစ်ပါသည်။ ၎င်းသည် မျက်မှောက်ခေတ် စေတီ များ၏ ရှေ့ပြေးပုံစံ အသွင်မျိုးဖြစ်သည်။ ၁၉၁၁-၁၉၁၂နှင့် ၁၉၁၂-၁၉၁၃ ခုနှစ် တွင် ဘုရားကြီးစေတီ တောင်ဘက်အနီး၌ ကျောက်အရိုးအိုး လေးလုံးနှင့် မြေအရိုးအိုးတစ်လုံး တူးဖော်ရရှိခဲ့ပါသည်။ ထိုအရိုးအိုးများပေါ်၌ ပျူစာများ ရေးထိုးထားပြီး ထိုစာများအရ ၎င်းအရိုးအိုးများသည် သရေခေတ္တရာတွင် စိုးစံ ခဲ့သော ဟရိဝိကြမမင်း၊ သီဟဝိကြမမင်း၊ သူရိယဝိကြမမင်းတို့၏ အရိုးအိုးများ ဖြစ်ကြောင်း သိရှိခဲ့ရပါသည်။ ဘုရားကြီးစေတီသည် ပျူလူမျိုးတို့၏ ဗုဒ္ဓဘာသာ ကို အသွင်ကူးပြောင်းလက်ခံကိုးကွယ်မှုနှင့် သာသနိကအဆောက်အအုံ ဖွံ့ဖြိုး တိုးတက်မှု ပြယုဂ်တစ်ခုဖြစ်သောကြောင့် ကမ္ဘာ့အမွေအနှစ်စံချိန်စံညွှန်းအဖြစ် သတ်မှတ်ခဲ့ခြင်းဖြစ်ပါသည်။,Good
ဘုရားမာ စေတီ,18.834257,95.301906,Monument Site,ဘုရားမာစေတီသည် သရေခေတ္တရာမြို့ဟောင်း၏ အရှေ့မြောက်ဘက် ပြည်-ပေါက်ခေါင်း ကားလမ်းဘေး၊ ကုန်းရိုးကျေးရွာအနီးတွင်တည်ရှိပါသည်။ အစဉ်အလာမှတ်သားပြောဆိုမှုများနှင့် မြန်မာရာဇဝင်ကျမ်အချို့တွင် ဒွတ္တ ဘောင်မင်း တည်ထားခဲ့သော စေတီ(၉)ဆူအနက် တစ်ဆူအပါအဝင်ဖြစ် ကြောင်း၊ ဘုရားရှင်၏ ဓါတ်တော်စစ်တို့အား ဌာပနာထားကြောင်း၊ ယခင်က “သရိုင်မာ”ဟု အမည်တွင်ကြောင်းဆိုပါသည်။ စေတီ၏ပုံသဏ္ဌာန်သည် အခြေ၌ ပြောင်းရှည်ပုံသဏ္ဌာန်ရှိပြီး အပေါ်သို့ ကန်တော့ပုံသဏ္ဌာန် တစ်ဖြေးဖြေးခုံး သွားသော ပုံသဏ္ဌာန်ဖြစ်သည်။ ၎င်းစေတီသည် မူလလက်ရာဖြစ်ပြီး အုတ်နှင့် ထုံးသရွတ်များ စေတီ၏ မျက်နှာပြင်တွင် ကျန်ရစ်နေသေးကြောင်း တွေ့ရှိရ ပါသည်။ ပစ္စယာ(၄)ဆင့် ပါရှိပြီး ထောင့်(၁၆)ထောင့်ပါသော ပစ္စယာ(၃)ဆင့်နှင့် အပေါ်ဆုံးပစ္စယာမှာ အဝိုင်းပုံသဏ္ဌာန် ရှိသည်။ ဘုရားမာစေတီ၏ အမြင့်မှာ (၄၆)မီတာ၊လုံးပတ်မှာ (၁၀၄)မီတာရှိသည်။ ဘုရားမာစေတီသည် မြန်မာနိုင်ငံ အတွင်း စေတီတည်ထားကိုးကွယ်မှုသမိုင်းတွင် အစောဆုံးအထဲ၌ အပါအဝင် ဖြစ်ပြီး ပျူခေတ်အလယ်ပိုင်း (အေဒီ၄-၇ ရာစု)တွင် တည်ထားခဲ့သော စေတီ တစ်ဆူဖြစ်ပါသည်။ ၎င်းသည် မျက်မှောက်ခေတ်စေတီများ၏ ရှေ့ပြေးပုံစံ အသွင်မျိုးဖြစ်သည်။ ဘုရာမားစေတီသည် ပျူလူမျိုးတို့၏ဗုဒ္ဓဘာသာကို အသွင် ကူးပြောင်းလက်ခံကိုးကွယ်မှုနှင့် သာသနိကအဆောက်အအုံ ဖွံ့ဖြိုးတိုးတက်မှု ၏ပြုယုဂ်တစ်ခုဖြစ်သောကြောင့် ကမ္ဘာ့အမွေအနှစ်စံချိန်စံညွှန်းအဖြစ် သတ်မှတ် ခဲ့ခြင်းဖြစ်ပါသည်။,Good
ဖိုးခေါင်ကန် ဗုဒ္ဓရုပ်ကြွကျောက်ချပ်,18.785674,95.294585,Monument Site,ဖိုးခေါင်ကန်ကျောက်ချပ်သည် သရေခေတ္တရာမြို့ဟောင်း၏ တောင် ဘက်တွင် တည်ရှိပါသည်။ ၁၉၀၇-၁၉၀၈ခုနှစ်တွင် တူးဖော်သုတေသနပြုခဲ့  ပါသည်။ ဖိုးခေါင်ကန်ကျောက်ချပ်ရုံအတွင်း၌ ဗုဒ္ဓရုပ်ကြွပါ ကျောက်ချပ်နှစ်ချပ် တည်ရှိပါသည်။ ပထမတစ်ချပ်သည် အလျား (၁.၉၃) မီတာ၊ အမြင့်(၂.၁၉)မီတာ နှင့် ထု (၀.၂၃) မီတာရှိသည်။ ထိုကျောက်ချပ်ပေါ်တွင် မြတ်စွာဘုရားရှင်သည် တင်ပျဉ်ခွေကာ စံပယ်တော်မူနေပြီး မြတ်စွာဘုရား၏ ညာဘက်တွင် လက်အုပ် ချီနေသော မကိုဋ်ဆောင်းနတ်သားနှစ်ပါးနှင့် ဘယ်ဘက်တွင် မတ်တပ်ရပ်နေ သော ပုဂ္ဂိုလ်(၃)ဦးကို တွေ့နိုင်ပါသည်။ ဒုတိယတစ်ချပ်သည် အလျား(၁.၆၆) မီတာ၊ အမြင့် (၁.၈၃) မီတာနှင့် ထု(၀.၂၀)မီတာရှိသည်။ ထိုကျောက်ချပ်ပေါ် တွင် ဘယ်လက်သည် စျာနမုဒြာဟန်၊ ညာလက်သည် ဘူမိဖဿမုဒြာဟန် ရှိသော ထိုင်တော်မူဗုဒ္ဓရုပ်ပွါးတော်တစ်ဆူရှိပြီး ၎င်း၏ဘယ်ဘက်တွင် မတ်ရပ် သာဝကနှစ်ပါး ပါရှိသည်။ ဖိုးခေါင်ကန်ကျောက်ချပ်ရုံရှိ ကျောက်ချပ်များသည် ပျူခေတ်လယ် (အေဒီ ၅-၇ ရာစု) ကာလတွင်ပြုလုပ်ခဲ့သည့် လက်ရာများ ဖြစ်ပါသည်။ ဖိုးခေါင်ကန်ကျောက်ချပ်ရုံရှိ ဗုဒ္ဓရုပ်ကြွများသည် ဗုဒ္ဓအယူဝါဒ ဆိုင်ရာ အတွေးအခေါ်၊ ဘာသာရေးနှင့် ဆက်စပ်နေသော ရုပ်တုဆင်းတုဖြစ် သောကြောင့် ကမ္ဘာ့အမွေအနှစ် စံချိန်စံညွှန်းအဖြစ် သတ်မှတ်ခဲ့ခြင်းဖြစ်ပါသည်။,Good
ရဟန္တာဂူဘုရား,18.791593,95.28071,Monument Site,ရဟန္တာဂူဘုရားသည် သရေခေတ္တရာမြို့ဟောင်း၏ အနောက်တောင် ဘက်တွင် တည်ရှိသည်။ ဂူဘုရားအတွင်း အနောက်ဘက်နံရံရှိ သဲကျောက်ပြား တစ်ချပ်ပေါ်တွင် ထုဆစ်ထားသော ဘူမိဖဿမုဒြာဟန်ထိုင်တော်မူ ဗုဒ္ဓရုပ်ပွါး တော်(၈)ဆူရှိရာ (၁)ဆူမှာ ပျက်စီးသွား၍ ယခု(၇)ဆူကိုသာ ဖူးမြော်နိုင်ပါသည်။ ဂူဘုရား၏ မူလပုံသဏ္ဌာန်သည် ဝင်ပေါက်(၃)ပေါက်ပါသည့် လေးထောင့်အုတ် တိုက်ဖြစ်ပြီး ဗုဒ္ဓရုပ်ပွါးတော်များ ကိန်းဝပ်ရာ ဂန္ဓကုဋီတိုက် လိုဏ်ဘုရားပုံစံ ဖြစ် သည်။ လက်ရှိ အုတ်တိုက်မှာ မူလလက်ရာ အုတ်ပန္နက်ပျက်ပေါ်တွင် ၁၉၆၃ ခုနှစ်မှစတင်၍ စဉ်ဆက်မပြတ် ပြန်လည်တည်ဆောက်ထားသော အဆောက် အဦဖြစ်သည်။,Good
စက်တိုင်  စေတီ,18.808173,95.28832,Monument Site,သာသနာသက္ကရာဇ်(၁၀၁)ခုနှစ်တွင် ဂဝံပတေ့အရှင်သူမြတ် အမှူးဖြစ်၍ ရသေ့၊ သိကြား၊ စန္ဒီ၊ ပရမေသွာရ၊ နဂါး၊ ဂဠုန်ဟူသော သူမြတ်ခုနှစ်ယောက် တို့သည် မြို့တည်ဆောက်ရန် စုရုံးတိုင်ပင် ကြသည်။ ထို့နောက်သာယာနေ့ တစ်နေ့တွင် မြေပြင်၌ စုရုံးကာသိကြားမင်းအား အလယ်ဗဟိုစက်တိုင်၌ ရပ်စေ ပြီး နဂါးမင်းက စက်ကြိုးကိုဆွဲပါသည်။ ထိုလမ်းအတိုင်း မြို့ကွက်ဖော်ထားခြင်း ဖြစ်ပါသည်။ အလယ်ဗဟိုစက်တိုင်နေရာတွင် စေတီတည်ထားသောကြောင့် စက်တိုင်စေတီဟု အမည်တွင်ကြောင်း မှတ်သားရပါသည်။,Good
ရွှေနန်းဦးဘုရား,18.808181,95.288536,Monument Site,အထောက်အထားမရှိပါ။,Good
တူးဖော်မှုကုန်းအမှတ် (၆),18.82789,95.28287,Excavated Site,ရှေးဟောင်းသုတေသနပညာရှင်များနှင့် သမိုင်းပညာရှင်များ၏ အဆိုအရ သီရိခေတ္တရာသည် အေဒီ (၂) ရာစုခန့်တွင် စတင်တည်ထောင်ခဲ့ ပြီး အေဒီ( ၅) ရာစုမှ (၉) ရာစုအတွင်းထွန်းကားခဲ့သည်။ ရာဇဝင်များအရ ရသေ့၊ သိကြား၊ နဂါး၊ ဂဠုန်၊ စန္နိ၊ ပရမေသွာရ၊ မဟာပိန္နဲတို့သည် သရေ ခေတ္တရာကို  သက္ကရာဇ် (၁၀၁) ခုနှစ်တွင် ရွှေနန်းတော်နှင့် တကွ တည်၍ ဒွတ္တဘောင်မင်းအား သိကြားမှနန်းတင်တော်မူသည်။  အဓိကမြို့ တံခါး (၃၂) ခုနှင့် ဂိတ်တံခါးငယ် (၃၃) ခုတို့ဖြစ်သည်။ သို့သော် ကံမကောင်းစွာ ဖြင့်အေဒီ(၉) ရာစုခန့်တွင် ထိုမြို့သည်ဖျက်ဆီးခံခဲ့ရသည်။,Moderate
တူးဖော်မှုကုန်းအမှတ် (၇),18.82693,95.28311,Excavated Site,ရှေးဟောင်းသုတေသနပညာရှင်များနှင့် သမိုင်းပညာရှင်များ၏ အဆိုအရ သီရိခေတ္တရာသည် အေဒီ (၂) ရာစုခန့်တွင် စတင်တည်ထောင် ခဲ့ပြီး အေဒီ(၅) ရာစုမှ (၉) ရာစုအတွင်းထွန်းကားခဲ့သည်။ ရာဇဝင်များ အရ ရသေ့၊ သိကြား၊ နဂါး၊ ဂဠုန်၊ စန္နိ၊ ပရမေသွာရ၊ မဟာပိန္နဲတို့သည် သရေ ခေတ္တရာကို  သက္ကရာဇ် (၁၀၁) ခုနှစ်တွင် ရွှေနန်းတော်နှင့်တကွ တည်၍ ဒွတ္တဘောင်မင်းအား သိကြားမှနန်းတင်တော်မူသည်။  အဓိကမြို့ တံခါး (၃၂) ခုနှင့် ဂိတ်တံခါးငယ် (၃၃) ခုတို့ဖြစ်သည်။ သို့သော် ကံမကောင်းစွာ ဖြင့် အေဒီ (၉) ရာစုခန့်တွင် ထိုမြို့သည်ဖျက်ဆီးခံခဲ့ရသည်။,Moderate
တူးဖော်မှုကုန်းအမှတ် (၈),18.83665,95.30359,Excavated Site,ရှေးဟောင်းသုတေသနပညာရှင်များနှင့် သမိုင်းပညာရှင်များ၏ အဆိုအရ သီရိခေတ္တရာသည် အေဒီ (၂) ရာစုခန့်တွင် စတင်တည်ထောင် ခဲ့ပြီး အေဒီ(၅) ရာစုမှ (၉) ရာစုအတွင်းထွန်းကားခဲ့သည်။ ရာဇဝင်များအရ ရသေ့၊ သိကြား၊ နဂါး၊ ဂဠုန်၊ စန္နိ၊ ပရမေသွာရ၊ မဟာပိန္နဲတို့သည် သရေ ခေတ္တရာကို  သက္ကရာဇ် (၁၀၁) ခုနှစ်တွင် ရွှေနန်းတော်နှင့်တကွ တည်၍ ဒွတ္တဘောင်မင်းအား သိကြားမှနန်းတင်တော်မူသည်။ အဓိကမြို့တံခါး (၃၂) ခုနှင့် ဂိတ်တံခါးငယ် (၃၃) ခုတို့ဖြစ်သည်။ သို့သော် ကံမကောင်းစွာဖြင့် အေဒီ (၉) ရာစုခန့်တွင် ထိုမြို့သည် ဖျက်ဆီးခံခဲ့ရသည်။,Moderate
တူးဖော်မှုကုန်းအမှတ် (၉),18.83567,95.30299,Excavated Site,ရှေးဟောင်းသုတေသနပညာရှင်များနှင့် သမိုင်းပညာရှင်များ၏ အဆိုအရ သီရိခေတ္တရာသည် အေဒီ (၂) ရာစုခန့်တွင် စတင်တည်ထောင် ခဲ့ပြီး အေဒီ(၅) ရာစုမှ (၉) ရာစုအတွင်းထွန်းကားခဲ့သည်။ ရာဇဝင်များ အရ ရသေ့၊ သိကြား၊ နဂါး၊ ဂဠုန်၊ စန္နိ၊ ပရမေသွာရ၊ မဟာပိန္နဲတို့သည် သရေ ခေတ္တရာကို  သက္ကရာဇ် (၁၀၁) ခုနှစ်တွင် ရွှေနန်းတော်နှင့်တကွ တည်၍ ဒွတ္တဘောင်မင်းအား သိကြားမှနန်းတင်တော်မူသည်။ အဓိကမြို့တံခါး (၃၂) ခုနှင့် ဂိတ်တံခါးငယ် (၃၃) ခုတို့ဖြစ်သည်။ သို့သော် ကံမကောင်းစွာဖြင့် အေဒီ (၉) ရာစုခန့်တွင် ထိုမြို့သည် ဖျက်ဆီးခံခဲ့ရသည်။,Moderate
တူးဖော်မှုကုန်းအမှတ် (၁၀),18.818028,95.263704,Excavated Site,ရှေးဟောင်းသုတေသနပညာရှင်များနှင့် သမိုင်းပညာရှင်များ၏ အဆိုအရ သီရိခေတ္တရာသည် အေဒီ (၂) ရာစုခန့်တွင် စတင်တည်ထောင် ခဲ့ပြီး အေဒီ( ၅) ရာစုမှ (၉) ရာစုအတွင်းထွန်းကားခဲ့သည်။ ရာဇဝင်များ အရ ရသေ့၊ သိကြား၊ နဂါး၊ ဂဠုန်၊ စန္နိ၊ ပရမေသွာရ၊ မဟာပိန္နဲတို့သည် သရေ ခေတ္တရာကို  သက္ကရာဇ် (၁၀၁) ခုနှစ်တွင် ရွှေနန်းတော်နှင့်တကွ တည်၍ ဒွတ္တဘောင်မင်းအား သိကြားမှနန်းတင်တော်မူသည်။အဓိကမြို့တံခါး (၃၂) ခုနှင့် ဂိတ်တံခါးငယ် (၃၃) ခုတို့ဖြစ်သည်။ သို့သော် ကံမကောင်းစွာဖြင့် အေဒီ (၉) ရာစုခန့်တွင် ထိုမြို့သည် ဖျက်ဆီးခံခဲ့ရသည်။,Moderate
တူးဖော်မှုကုန်းအမှတ် (၁၁),18.81744,95.26585,Excavated Site,ရှေးဟောင်းသုတေသနပညာရှင်များနှင့် သမိုင်းပညာရှင်များ၏ အဆိုအရ သီရိခေတ္တရာသည် အေဒီ (၂) ရာစုခန့်တွင် စတင်တည်ထောင် ခဲ့ပြီး အေဒီ( ၅) ရာစုမှ (၉) ရာစုအတွင်းထွန်းကားခဲ့သည်။ ရာဇဝင်များ အရ ရသေ့၊ သိကြား၊ နဂါး၊ ဂဠုန်၊ စန္နိ၊ ပရမေသွာရ၊ မဟာပိန္နဲတို့သည် သရေခေ တ္တရာကို  သက္ကရာဇ် (၁၀၁) ခုနှစ်တွင် ရွှေနန်းတော်နှင့်တကွ တည်၍ ဒွတ္တ ဘောင်မင်းအား သိကြားမှနန်းတင်တော်မူသည်။  အဓိကမြို့တံခါး (၃၂) နှင့် ဂိတ်တံခါးငယ် (၃၃) ခုတို့ဖြစ်သည်။ သို့သော် ကံမကောင်းစွာဖြင့်အေဒီ(၉) ရာစုခန့်တွင် ထိုမြို့သည်ဖျက်ဆီးခံခဲ့ရသည်။,Moderate
တူးဖော်မှုကုန်းအမှတ် (၁၂),18.80363,95.28954,Excavated Site,ရှေးဟောင်းသုတေသနပညာရှင်များနှင့် သမိုင်းပညာရှင်များ၏ အဆိုအရ သီရိခေတ္တရာသည် အေဒီ (၂) ရာစုခန့်တွင် စတင်တည်ထောင် ခဲ့ပြီး အေဒီ(၅) ရာစုမှ (၉) ရာစုအတွင်းထွန်းကားခဲ့သည်။ ရာဇဝင်များ အရ ရသေ့၊ သိကြား၊ နဂါး၊ ဂဠုန်၊ စန္နိ၊ ပရမေသွာရ၊ မဟာပိန္နဲတို့သည် သရေ ခေတ္တရာကို  သက္ကရာဇ် (၁၀၁) ခုနှစ်တွင် ရွှေနန်းတော်နှင့်တကွ တည်၍ ဒွတ္တဘောင်မင်းအား သိကြားမှနန်းတင်တော်မူသည်။ အဓိကမြို့တံခါး (၃၂) ခုနှင့် ဂိတ်တံခါးငယ် (၃၃) ခုတို့ဖြစ်သည်။ သို့သော် ကံမကောင်းစွာဖြင့် အေဒီ (၉) ရာစုခန့်တွင် ထိုမြို့သည် ဖျက်ဆီးခံခဲ့ရသည်။,Good
တူးဖော်မှုကုန်းအမှတ် (၁၃),18.80442,95.28698,Excavated Site,ရှေးဟောင်းသုတေသနပညာရှင်များနှင့် သမိုင်းပညာရှင်များ၏ အဆိုအရ သီရိခေတ္တရာသည် အေဒီ (၂) ရာစုခန့်တွင် စတင်တည်ထောင် ခဲ့ပြီး အေဒီ(၅) ရာစုမှ (၉) ရာစုအတွင်းထွန်းကားခဲ့သည်။ ရာဇဝင်များ အရ ရသေ့၊ သိကြား၊ နဂါး၊ ဂဠုန်၊ စန္နိ၊ ပရမေသွာရ၊ မဟာပိန္နဲတို့သည် သရေ ခေတ္တရာကို  သက္ကရာဇ် (၁၀၁) ခုနှစ်တွင် ရွှေနန်းတော်နှင့်တကွ တည်၍ ဒွတ္တဘောင်မင်းအား သိကြားမှနန်းတင်တော်မူသည်။ အဓိကမြို့တံခါး (၃၂) ခုနှင့် ဂိတ်တံခါးငယ် (၃၃) ခုတို့ဖြစ်သည်။ သို့သော် ကံမကောင်းစွာဖြင့် အေဒီ (၉) ရာစုခန့်တွင် ထိုမြို့သည် ဖျက်ဆီးခံခဲ့ရသည်။,Good
တူးဖော်မှုကုန်းအမှတ် (၁၄),18.76319,95.30904,Excavated Site,ရှေးဟောင်းသုတေသနပညာရှင်များနှင့် သမိုင်းပညာရှင်များ၏ အဆိုအရ သီရိခေတ္တရာသည် အေဒီ (၂) ရာစုခန့်တွင် စတင်တည်ထောင်ခဲ့ ပြီး အေဒီ(၅) ရာစုမှ (၉) ရာစု အတွင်းထွန်းကားခဲ့သည်။ ရာဇဝင်များအရ ရသေ့၊ သိကြား၊ နဂါး၊ ဂဠုန်၊ စန္နိ၊ ပရမေသွာရ၊ မဟာပိန္နဲတို့သည် သရေ ခေတ္တရာကို  သက္ကရာဇ် (၁၀၁) ခုနှစ်တွင် ရွှေနန်းတော်နှင့်တကွတည်၍ ဒွတ္တဘောင်မင်းအား သိကြားမှနန်းတင်တော်မူသည်။ အဓိကမြို့တံခါး (၃၂) ခုနှင့် ဂိတ်တံခါးငယ် (၃၃) ခုတို့ဖြစ်သည်။ သို့သော် ကံမကောင်းစွာဖြင့် အေဒီ (၉) ရာစုခန့်တွင် ထိုမြို့သည်ဖျက်ဆီးခံခဲ့ရသည်။,Moderate
တူးဖော်မှုကုန်းအမှတ် (၁၅),18.76395,95.30907,Excavated Site,ရှေးဟောင်းသုတေသနပညာရှင်များနှင့် သမိုင်းပညာရှင်များ၏ အဆိုအရ သီရိခေတ္တရာသည် အေဒီ (၂) ရာစုခန့်တွင် စတင်တည်ထောင်ခဲ့ ပြီး အေဒီ(၅) ရာစုမှ (၉) ရာစု အတွင်းထွန်းကားခဲ့သည်။ ရာဇဝင်များအရ ရသေ့၊ သိကြား၊ နဂါး၊ ဂဠုန်၊ စန္နိ၊ ပရမေသွာရ၊ မဟာပိန္နဲတို့သည် သရေ ခေတ္တရာကို  သက္ကရာဇ် (၁၀၁) ခုနှစ်တွင် ရွှေနန်းတော်နှင့်တကွတည်၍ ဒွတ္တဘောင်မင်းအား သိကြားမှနန်းတင်တော်မူသည်။ အဓိကမြို့တံခါး (၃၂) ခုနှင့် ဂိတ်တံခါးငယ် (၃၃) ခုတို့ဖြစ်သည်။ သို့သော် ကံမကောင်းစွာဖြင့် အေဒီ (၉) ရာစုခန့်တွင် ထိုမြို့သည်ဖျက်ဆီးခံခဲ့ရသည်။,Moderate
တူးဖော်မှုကုန်းအမှတ် (၁၆) (မြို့ရိုး),18.78328,95.2936,Excavated Site,ရှေးဟောင်းသုတေသနပညာရှင်များနှင့် သမိုင်းပညာရှင်များ၏ အဆိုအရ သီရိခေတ္တရာသည် အေဒီ (၂) ရာစုခန့်တွင် စတင်တည်ထောင်ခဲ့ ပြီး အေဒီ(၅) ရာစုမှ (၉) ရာစု အတွင်းထွန်းကားခဲ့သည်။ ရာဇဝင်များအရ ရသေ့၊ သိကြား၊ နဂါး၊ ဂဠုန်၊ စန္နိ၊ ပရမေသွာရ၊ မဟာပိန္နဲတို့သည် သရေ ခေတ္တရာကို  သက္ကရာဇ် (၁၀၁) ခုနှစ်တွင် ရွှေနန်းတော်နှင့်တကွတည်၍ ဒွတ္တဘောင်မင်းအား သိကြားမှနန်းတင်တော်မူသည်။ အဓိကမြို့တံခါး (၃၂) ခုနှင့် ဂိတ်တံခါးငယ် (၃၃) ခုတို့ဖြစ်သည်။ သို့သော် ကံမကောင်းစွာဖြင့် အေဒီ (၉) ရာစုခန့်တွင် ထိုမြို့သည်ဖျက်ဆီးခံခဲ့ရသည်။,Moderate
တူးဖော်မှုကုန်းအမှတ် (၁၇),18.78587,95.29019,Excavated Site,ရှေးဟောင်းသုတေသနပညာရှင်များနှင့် သမိုင်းပညာရှင်များ၏အဆို အရ သီရိခေတ္တရာသည် အေဒီ (၂) ရာစုခန့်တွင်စတင်တည်ထောင်ခဲ့ပြီး အေဒီ (၅) ရာစုမှ (၉) ရာစုအတွင်းထွန်းကားခဲ့သည်။ ရာဇဝင်များအရ ရသေ့၊ သိကြား၊ နဂါး၊ ဂဠုန်၊ စန္နိ၊ ပရမေသွာရ၊ မဟာပိန္နဲတို့သည် သရေခေတ္တ ရာကို  သက္ကရာဇ် (၁၀၁) ခုနှစ်တွင် ရွှေနန်းတော်နှင့်တကွတည်၍ ဒွတ္တဘောင်မင်းအား သိကြားမှနန်းတင်တော်မူသည်။ အဓိကမြို့တံခါး (၃၂)ခုနှင့် ဂိတ်တံခါးငယ် (၃၃)ခုတို့ဖြစ်သည်။ သို့သော်ကံမကောင်း စွာဖြင့်အေဒီ (၉) ရာစုခန့်တွင် ထိုမြို့သည် ဖျက်ဆီးခံခဲ့ရသည်။,Moderate
တူးဖော်မှုကုန်းအမှတ်(၁၉),18.80631,95.27202,Excavated Site,ရှေးဟောင်းသုတေသနပညာရှင်များနှင့် သမိုင်းပညာရှင်များ၏အဆို အရ သီရိခေတ္တရာသည် အေဒီ (၂) ရာစုခန့်တွင် စတင်တည်ထောင်ခဲ့ပြီး အေဒီ (၅) ရာစုမှ (၉) ရာစုအတွင်း ထွန်းကားခဲ့သည်။ ရာဇဝင်များအရ ရသေ့၊ သိကြား၊ နဂါး၊ ဂဠုန်၊ စန္နိ၊ ပရမေသွာရ၊ မဟာပိန္နဲတို့သည် သရေခေတ္တ ရာကို  သက္ကရာဇ် (၁၀၁) ခုနှစ်တွင် ရွှေနန်းတော်နှင့်တကွတည်၍ ဒွတ္တဘောင်မင်း အား သိကြားမှနန်းတင်တော်မူသည်။ အဓိကမြို့တံခါး (၃၂) ခုနှင့် ဂိတ်တံခါး ငယ် (၃၃) ခုတို့ဖြစ်သည်။ သို့သော် ကံမကောင်းစွာဖြင့်အေဒီ (၉) ရာစုခန့်တွင် ထိုမြို့သည် ဖျက်ဆီးခံခဲ့ရသည်။,Moderate
တူးဖော်မှုကုန်းအမှတ်(၂၀),18.80463,95.27453,Excavated Site,ရှေးဟောင်းသုတေသနပညာရှင်များနှင့် သမိုင်းပညာရှင်များ၏အဆို အရ သီရိခေတ္တရာသည် အေဒီ (၂) ရာစုခန့်တွင် စတင်တည်ထောင်ခဲ့ပြီး အေဒီ (၅) ရာစုမှ (၉) ရာစုအတွင်း ထွန်းကားခဲ့သည်။ ရာဇဝင်များအရ ရသေ့၊ သိကြား၊ နဂါး၊ ဂဠုန်၊ စန္နိ၊ ပရမေသွာရ၊ မဟာပိန္နဲတို့သည် သရေခေတ္တ ရာကို  သက္ကရာဇ် (၁၀၁) ခုနှစ်တွင် ရွှေနန်းတော်နှင့်တကွတည်၍ ဒွတ္တဘောင်မင်း အား သိကြားမှနန်းတင်တော်မူသည်။ အဓိကမြို့တံခါး (၃၂) ခုနှင့် ဂိတ်တံခါး ငယ် (၃၃) ခုတို့ဖြစ်သည်။ သို့သော် ကံမကောင်းစွာဖြင့်အေဒီ (၉) ရာစုခန့်တွင် ထိုမြို့သည် ဖျက်ဆီးခံခဲ့ရသည်။,Moderate
တူးဖော်မှုကုန်းအမှတ်(၂၃),18.80554,95.28709,Excavated Site,ရှေးဟောင်းသုတေသနပညာရှင်များနှင့် သမိုင်းပညာရှင်များ၏အဆို အရ သီရိခေတ္တရာသည် အေဒီ (၂) ရာစုခန့်တွင် စတင်တည်ထောင်ခဲ့ပြီး အေဒီ (၅) ရာစုမှ (၉) ရာစုအတွင်း ထွန်းကားခဲ့သည်။ ရာဇဝင်များအရ ရသေ့၊ သိကြား၊ နဂါး၊ ဂဠုန်၊ စန္နိ၊ ပရမေသွာရ၊ မဟာပိန္နဲတို့သည် သရေခေတ္တ ရာကို  သက္ကရာဇ် (၁၀၁) ခုနှစ်တွင် ရွှေနန်းတော်နှင့်တကွတည်၍ ဒွတ္တဘောင်မင်း အား သိကြားမှနန်းတင်တော်မူသည်။ အဓိကမြို့တံခါး (၃၂) ခုနှင့် ဂိတ်တံခါး ငယ် (၃၃) ခုတို့ဖြစ်သည်။ သို့သော် ကံမကောင်းစွာဖြင့်အေဒီ (၉) ရာစုခန့်တွင် ထိုမြို့သည် ဖျက်ဆီးခံခဲ့ရသည်။,Good
တူးဖော်မှုကုန်းအမှတ်(၂၄),18.80578,95.28909,Excavated Site,ရှေးဟောင်းသုတေသနပညာရှင်များနှင့် သမိုင်းပညာရှင်များ၏အဆို အရ သီရိခေတ္တရာသည် အေဒီ (၂) ရာစုခန့်တွင် စတင်တည်ထောင်ခဲ့ပြီး အေဒီ (၅) ရာစုမှ (၉) ရာစုအတွင်း ထွန်းကားခဲ့သည်။ ရာဇဝင်များအရ ရသေ့၊ သိကြား၊ နဂါး၊ ဂဠုန်၊ စန္နိ၊ ပရမေသွာရ၊ မဟာပိန္နဲတို့သည် သရေခေတ္တ ရာကို  သက္ကရာဇ် (၁၀၁) ခုနှစ်တွင် ရွှေနန်းတော်နှင့်တကွတည်၍ ဒွတ္တဘောင်မင်း အား သိကြားမှနန်းတင်တော်မူသည်။ အဓိကမြို့တံခါး (၃၂) ခုနှင့် ဂိတ်တံခါး ငယ် (၃၃) ခုတို့ဖြစ်သည်။ သို့သော် ကံမကောင်းစွာဖြင့်အေဒီ (၉) ရာစုခန့်တွင် ထိုမြို့သည် ဖျက်ဆီးခံခဲ့ရသည်။,Good
တူးဖော်မှုကုန်းအမှတ်(၂၅),18.827749,95.281645,Excavated Site,ရှေးဟောင်းသုတေသနပညာရှင်များနှင့် သမိုင်းပညာရှင်များ၏အဆို အရသီရိခေတ္တရာသည် အေဒီ(၂) ရာစုခန့်တွင်စတင်တည် ထောင်ခဲ့ပြီးအေဒီ (၅) ရာစုမှ (၉) ရာစုအတွင်း ထွန်းကားခဲ့သည်။ ရာဇဝင်များအရ ရသေ့၊ သိကြား၊ နဂါး၊ ဂဠုန်၊ စန္နိ၊ ပရမေသွာရ၊ မဟာပိန္နဲတို့သည် သရေခေတ္တရာကို  သက္ကရာဇ် (၁၀၁) ခုနှစ်တွင် ရွှေနန်းတော်နှင့်တကွတည်၍ဒွတ္တဘောင်မင်း အား သိကြားမှနန်းတင် တော်မူသည်။ အဓိကမြို့တံခါး (၃၂) ခုနှင့် ဂိတ်တံခါး ငယ် (၃၃) ခုတို့ဖြစ်သည်။ သို့သော်ကံမကောင်းစွာဖြင့်အေဒီ (၉) ရာစုခန့်တွင် ထိုမြို့သည်ဖျက်ဆီးခံခဲ့ရသည်။,Good
တူးဖော်မှုကုန်းအမှတ်(၂၆) (မဟာရံတံတိုင်း-အတွင်းနန်းတော်ရာ),18.80797,95.28872,Excavated Site,ရှေးဟောင်းသုတေသနပညာရှင်များနှင့် သမိုင်းပညာရှင်များ၏အဆို အရသီရိခေတ္တရာသည် အေဒီ(၂) ရာစုခန့်တွင်စတင်တည် ထောင်ခဲ့ပြီးအေဒီ (၅) ရာစုမှ (၉) ရာစုအတွင်း ထွန်းကားခဲ့သည်။ ရာဇဝင်များအရ ရသေ့၊ သိကြား၊ နဂါး၊ ဂဠုန်၊ စန္နိ၊ ပရမေသွာရ၊ မဟာပိန္နဲတို့သည် သရေခေတ္တရာကို  သက္ကရာဇ် (၁၀၁) ခုနှစ်တွင် ရွှေနန်းတော်နှင့်တကွတည်၍ဒွတ္တဘောင်မင်း အား သိကြားမှနန်းတင် တော်မူသည်။ အဓိကမြို့တံခါး (၃၂) ခုနှင့် ဂိတ်တံခါး ငယ် (၃၃) ခုတို့ဖြစ်သည်။ သို့သော်ကံမကောင်းစွာဖြင့်အေဒီ (၉) ရာစုခန့်တွင် ထိုမြို့သည်ဖျက်ဆီးခံခဲ့ရသည်။,Good
တူးဖော်မှုကုန်းအမှတ်(၂၇),18.808021,95.287401,Excavated Site,ရှေးဟောင်းသုတေသနပညာရှင်များနှင့် သမိုင်းပညာရှင်များ၏အဆို အရသီရိခေတ္တရာသည် အေဒီ(၂) ရာစုခန့်တွင်စတင်တည် ထောင်ခဲ့ပြီးအေဒီ (၅) ရာစုမှ (၉) ရာစုအတွင်း ထွန်းကားခဲ့သည်။ ရာဇဝင်များအရ ရသေ့၊ သိကြား၊ နဂါး၊ ဂဠုန်၊ စန္နိ၊ ပရမေသွာရ၊ မဟာပိန္နဲတို့သည် သရေခေတ္တရာကို  သက္ကရာဇ် (၁၀၁) ခုနှစ်တွင် ရွှေနန်းတော်နှင့်တကွတည်၍ဒွတ္တဘောင်မင်း အား သိကြားမှနန်းတင် တော်မူသည်။ အဓိကမြို့တံခါး (၃၂) ခုနှင့် ဂိတ်တံခါး ငယ် (၃၃) ခုတို့ဖြစ်သည်။ သို့သော်ကံမကောင်းစွာဖြင့်အေဒီ (၉) ရာစုခန့်တွင် ထိုမြို့သည်ဖျက်ဆီးခံခဲ့ရသည်။,Moderate
တူးဖော်မှုကုန်းအမှတ်(၂၈),18.80719,95.28,Excavated Site,ရှေးဟောင်းသုတေသနပညာရှင်များနှင့် သမိုင်းပညာရှင် များ၏အဆို အရသီရိခေတ္တရာသည် အေဒီ(၂) ရာစုခန့်တွင်စတင်တည် ထောင်ခဲ့ပြီးအေဒီ (၅) ရာစုမှ (၉) ရာစုအတွင်း ထွန်းကားခဲ့သည်။ ရာဇဝင်များအရ ရသေ့၊ သိကြား၊ နဂါး၊ ဂဠုန်၊ စန္နိ၊ ပရမေသွာရ၊ မဟာပိန္နဲတို့သည် သရေခေတ္တ ရာကို  သက္ကရာဇ် (၁၀၁) ခုနှစ်တွင် ရွှေနန်းတော်နှင့်တကွတည်၍ ဒွတ္တဘောင်မင်း အား သိကြားမှနန်းတင်တော်မူသည်။ အဓိကမြို့တံခါး (၃၂) ခုနှင့် ဂိတ်တံခါး ငယ် (၃၃) ခုတို့ဖြစ်သည်။ သို့သော်ကံမကောင်းစွာဖြင့်အေဒီ (၉) ရာစုခန့်တွင် ထိုမြို့သည်ဖျက်ဆီးခံခဲ့ရသည်။,Good
တူးဖော်မှုကုန်းအမှတ်(၂၉),18.80643,95.28906,Excavated Site,ရှေးဟောင်းသုတေသနပညာရှင်များနှင့် သမိုင်းပညာရှင် များ၏အဆို အရသီရိခေတ္တရာသည် အေဒီ(၂) ရာစုခန့်တွင်စတင်တည် ထောင်ခဲ့ပြီးအေဒီ (၅) ရာစုမှ (၉) ရာစုအတွင်း ထွန်းကားခဲ့သည်။ ရာဇဝင်များအရ ရသေ့၊ သိကြား၊ နဂါး၊ ဂဠုန်၊ စန္နိ၊ ပရမေသွာရ၊ မဟာပိန္နဲတို့သည် သရေခေတ္တ ရာကို  သက္ကရာဇ် (၁၀၁) ခုနှစ်တွင် ရွှေနန်းတော်နှင့်တကွတည်၍ ဒွတ္တဘောင်မင်း အား သိကြားမှနန်းတင်တော်မူသည်။ အဓိကမြို့တံခါး (၃၂) ခုနှင့် ဂိတ်တံခါး ငယ် (၃၃) ခုတို့ဖြစ်သည်။ သို့သော်ကံမကောင်းစွာဖြင့်အေဒီ (၉) ရာစုခန့်တွင် ထိုမြို့သည်ဖျက်ဆီးခံခဲ့ရသည်။,Good
တူးဖော်မှုကုန်းအမှတ်(၃၀),18.80824,95.29312,Excavated Site,ရှေးဟောင်းသုတေသနပညာရှင်များနှင့် သမိုင်းပညာရှင် များ၏အဆို အရသီရိခေတ္တရာသည် အေဒီ (၂) ရာစုခန့်တွင်စတင်တည် ထောင်ခဲ့ပြီးအေဒီ (၅) ရာစုမှ (၉) ရာစုအတွင်း ထွန်းကားခဲ့သည်။ ရာဇဝင်များအရ ရသေ့၊ သိကြား၊ နဂါး၊ ဂဠုန်၊ စန္နိ၊ ပရမေသွာရ၊ မဟာပိန္နဲတို့သည် သရေခေတ္တရာကို  သက္ကရာဇ် (၁၀၁) ခုနှစ်တွင် ရွှေနန်းတော်နှင့်တကွ တည်၍ဒွတ္တဘောင်မင်း အား သိကြားမှနန်းတင်တော်မူသည်။ အဓိကမြို့တံခါး (၃၂) ခုနှင့် ဂိတ်တံခါး ငယ် (၃၃) ခုတို့ဖြစ်သည်။ သို့သော်ကံမကောင်းစွာဖြင့်အေဒီ (၉) ရာစုခန့်တွင် ထိုမြို့သည်ဖျက်ဆီးခံခဲ့ရသည်။,Moderate
တူးဖော်မှုကုန်းအမှတ် (၃၂),18.79145,95.29332,Excavated Site,ရှေးဟောင်းသုတေသနပညာရှင်များနှင့် သမိုင်းပညာရှင် များ၏အဆို အရ သီရိခေတ္တရာသည် အေဒီ (၂) ရာစုခန့်တွင်စတင်တည်ထောင်ခဲ့ပြီး အေဒီ (၅) ရာစုမှ (၉) ရာစုအတွင်း ထွန်းကားခဲ့သည်။ ရာဇဝင်များအရ ရသေ့၊ သိကြား၊ နဂါး၊ ဂဠုန်၊ စန္နိ၊ ပရမေသွာရ၊ မဟာပိန္နဲတို့သည် သရေခေတ္တရာကို  သက္ကရာဇ် (၁၀၁) ခုနှစ်တွင် ရွှေနန်းတော်နှင့်တကွတည်၍ ဒွတ္တဘောင်မင်းအား သိကြားမှနန်းတင်တော်မူသည်။ အဓိကမြို့တံခါး (၃၂) ခုနှင့် ဂိတ်တံခါးငယ် (၃၃) ခုတို့ဖြစ်သည်။ သို့သော် ကံမ ကောင်းစွာဖြင့်အေဒီ (၉) ရာစုခန့်တွင် ထိုမြို့သည်ဖျက်ဆီးခံခဲ့ရသည်။,Moderate
တူးဖော်မှုကုန်းအမှတ်(၃၃),18.80807,95.28741,Excavated Site,နန်းတော်ရာသည် သရေခေတ္တရာမြို့ဟောင်း၏ အလယ်ဗဟို မကျတကျ တွင်တည်ရှိသည်။ နန်းမြို့ရိုးသည် အလျား(၅၁၈.၁၆)မီတာ၊ အနံ(၃၄၂.၉)မီတာ ရှိ သည်။ (၀.၆၁) မီတာခန့်ကျယ်သော အုတ်မြို့ရိုးတန်းနှစ်ခုကြားတွင် (၃.၆၅၈) မီတာခန့်ကျယ်သော မြေသားကို အုတ်ကျိုး၊အုတ်ပဲ့များနှင့်ရော၍ ဝမ်းစာသိပ်ကာ တည်ဆောက်ထားကြောင်းတွေ့ရသည်။ နန်းမြို့ရိုး၏ထုမှာ (၃.၀၄၈)မီတာမှ (၅.၁ ၈၂) မီတာအထိရှိပြီး နန်းတော်ရာပတ်လည်ကို ကျုံးဖြင့်ဝန်းရံထားသည်။ ပျူမြို့ ဟောင်းများ၏ မြို့အင်္ဂါရပ်တွင် အဓိကဖြစ်သော နန်းတော်ရာကို (၁၉၆၈-၁၉၆၉) ခုနှစ်မှ စတင်၍ တူးဖော်သုတေသနပြုလုပ်ခဲ့ရာ (၂၀၁၀)ခုနှစ်မှ(၂၀၁၂-၂၀၁၃)ခုနှစ် အထိ (၁၄) ကြိမ် တူးဖော်သုတေသနပြုလုပ်ခဲ့ပါသည်။ ယင်းသို့ တူးဖော် သုတေသနပြုမှုများအကြောင်း နန်းမြို့ရိုးအရှေ့တောင်ထောင့်ရှိ ကင်းမျှော်စင် နန်းမြို့ရိုးအတွင်းရှိ နန်းတောင်ရာပန္နက်ခုံ(သို့) နန်းတော်ရာ၏ အဆောက်အအုံ အစုအဝေး အရှေ့ဘက်အပြင် နန်းမြို့ရိုး၊ အတွင်းနန်းမြို့ရိုးများ၊ အရှေ့ဘက်နန်း မြို့ရိုး အလယ်ဝင်ပေါက်၊ နန်းတော်ရာအတွင်း အုတ်ပန္နက်ခုံအစိတ်အပိုင်းများကို တွေ့ရှိခဲ့ပါသည်။ နန်းတော်ရာတူးဖော်မှုမှ အုတ်ကြွပ်အမိုးပြားများ၊ သံထည် ပစ္စည်းများ၊ သံမယ်နများ၊ ကြေးထည်ပစ္စည်းများ၊ အုတ်ခွက်ဘုရားများ၊ မြေပုတီး စေ့များ၊ ဖန်ပုတီးစေ့များ၊ လက်စင်းရာပါအုတ်ချပ်များ၊ ပျူစာအုတ်ချပ်များ၊ အိုး ခြမ်းကွဲများ တွေ့ရှိခဲ့ပါသည်။ တူးဖော်သုတေသနပြုမှုများအရ နန်းတော်ရာတွင် ပါဝင်သော အဆောက်အဦးများသည် အချိန်ကာလတစ်ခုတည်းတွင် တစ်ပြိုင် တည်း တည်ဆောက်ခဲ့ခြင်းမဟုတ်ပဲ ပျူခေတ်အဆက်ဆက် တည်ဆောက်ခဲ့ခြင်း ဖြစ်မည်ဟု ယူဆရပါသည်။,Damaged
တူးဖော်မှုကုန်းအမှတ်(၃၄)(လုလင်ကျော်ဂိတ်),18.80269,95.27303,Excavated Site,လုလင်ကျော်တံခါးပေါက်သည် သရေခေတ္တရာမြို့ဟောင်း၏ အနောက် ဘက်တွင် တည်ရှိသည်။ ၁၉၉၉-၂၀၀၀ ဘဏ္ဍာရေးနှစ်တွင်တူးဖော်ခဲ့ပါသည်။ မြို့ရိုးလက်တံနှစ်ခုသည် အတွင်းဘက်သို့ ခပ်ဝိုက်ဝိုက်ကွေ့ဝင်သွားပြီး မြို့ဝင် ပေါက်ထိပ်ဝတွင်ကျယ်၍ အတွင်းဘက်သို့ ကျဉ်းမြောင်းသွားသည်။ လုလင်ကျော် တံခါးပေါက်သည် အလွန်ကြီးမားပြီး စစ်မက်ရန် သူအန္တရာယ်ကို ကာကွယ်ရန် မြို့ရိုး၊ မြို့တာ၊ မြို့ဝင်ပေါက်စသည့် အကာအကွယ်များဖြင့် စနစ်တကျစီမံထား သည်။ ထူးခြားချက်မှာ မူလမြို့ဝင်ပေါက်၏ အရှေ့တည့်တည့်၌ နောက်ပိုင်းခေတ် တွင် တည်ဆောက်ခဲ့သော ကွေးဝိုက်နေသော ရင်တားကို ဝင်ပေါက်(၃)ပေါက် ပူးတွဲထည့်၍ ထပ်မံကာရံခဲ့ကြောင်း တွေ့ရှိရပါသည်။ သရေခေတ္တရာမြို့ဟောင်းရှိ တူးဖော်ထိန်းသိမ်းခဲ့သော မြို့တံခါးပေါက်(၉)ခုအနက်မှ တစ်ခုဖြစ်သည်။ သရေခေတ္တရာမြို့ဟောင်းရှိ မြို့ဝင်ပေါက်ပုံသဏ္ဌာန်များသည် အခြားပျူမြို့ ဟောင်းများဖြစ်သော ဟန်လင်းမြို့ဟောင်း၊ ဗိဿနိုးမြို့ဟောင်းတို့၏ မြို့ဝင် ပေါက်ပုံသဏ္ဌာန်များနှင့် တူညီနေကြောင်း တွေ့ရှိရပါသည်။,Moderate
တူးဖော်မှုကုန်းအမှတ်(၃၅),18.78574,95.28316,Excavated Site,ရှေးဟောင်းသုတေသနပညာများနှင့်သမိုင်းပညာရှင်များ၏အဆိုအရ သီရိခေတ္တရာသည် အေဒီ (၂)ရာစုခန့်တွင် စတင်တည်ထောင်ခဲ့ပြီးအေဒီ(၅)ရာစု မှ (၉)ရာစုအတွင်းထွန်းကားခဲ့သည်။ ရာဇဝင်များအရ ရသေ့၊ သိကြား၊ နဂါး၊ ဂဠုန်၊ စန္ဒိ၊ ပရမေသွားရ၊ မဟာပိန္နဲ တို့သည် သရေခေတ္တရာကို သက္ကရာဇ်(၁၀၁) ခုနှစ်တွင်ရွှေနန်းတော်နှင့်တကွတည်၍ ဒွတ္တဘောင်မင်းအား သိကြားမှ နန်းတင် တော်မူသည်။ အဓိကမြို့တံခါး(၃၂)ခုနှင့် ဂိတ်တံခါးငယ် (၃၃)ခုတို့ဖြစ်သည်။ သို့သော် ကံမကောင်းစွာဖြင့် အေဒီ(၉)ရာစုခန့်တွင် ထိုမြို့သည်ဖျက်ဆီးခံခဲ့ ရသည်။,Good
တူးဖော်မှုကုန်းအမှတ်(၃၆),18.78633,95.2881,Excavated Site,ရှေးဟောင်းသုတေသနပညာများနှင့်သမိုင်းပညာရှင်များ၏အဆိုအရ သီရိခေတ္တရာသည် အေဒီ (၂)ရာစုခန့်တွင် စတင်တည်ထောင်ခဲ့ပြီးအေဒီ(၅)ရာစု မှ (၉)ရာစုအတွင်းထွန်းကားခဲ့သည်။ ရာဇဝင်များအရ ရသေ့၊ သိကြား၊ နဂါး၊ ဂဠုန်၊ စန္ဒိ၊ ပရမေသွားရ၊ မဟာပိန္နဲ တို့သည် သရေခေတ္တရာကို သက္ကရာဇ်(၁၀၁) ခုနှစ်တွင်ရွှေနန်းတော်နှင့်တကွတည်၍ ဒွတ္တဘောင်မင်းအား သိကြားမှ နန်းတင် တော်မူသည်။ အဓိကမြို့တံခါး(၃၂)ခုနှင့် ဂိတ်တံခါးငယ် (၃၃)ခုတို့ဖြစ်သည်။ သို့သော် ကံမကောင်းစွာဖြင့် အေဒီ(၉)ရာစုခန့်တွင် ထိုမြို့သည်ဖျက်ဆီးခံခဲ့ ရသည်။,Good
တူးဖော်မှုကုန်းအမှတ်(၃၇),18.837,95.3048,Excavated Site,(HMA-37)သည် သရေခေတ္တရာမြို့ဟောင်းမြောက်ဘက် R.S ဓါတ်ပုံ တွင်တွေ့ရသော မြောက်ပျူတိုက်၏ လေးထောင့်အဝန်းအဝိုင်းအတွင်း၌ တည်ရှိပါသည်။ ယခင် တူးဖော်သုတေသနပြုချက်များအရ သရေခေတ္တရာ မြို့ဟောင်းတွင် အုတ်ဖြင့်ဆောက်လုပ်ထားသော အဆောက်အအုံများကို မြို့ ဟောင်း၏ တောင်ဘက်ခြမ်းတွင် အတွေ့ရများသည်ဟု သုံးသပ်ခဲ့ကြသည်။ သို့သော် (HMA-37)နှင့် (HMA-38) စသည့် တူးဖော်မှုကုန်းများနှင့် ပျူတိုက် နေရာများ၊ လူသတ်ကုန်း (ဒေသအခေါ်) စသည့်ကုန်းများတွင် (Brick Line) များ တွေ့ရခြင်းက အတိတ်ကာလတွင် မြို့ဟောင်း၏မြောက်ဘက်တွင်လည်း အဆောက်အအုံများရှိခဲ့ကြောင်း သိသာနိုင်ပေသည်။ (HMA-37) ပထမ အကြိမ်တူးဖော်မှုတွင် အဆောက်အအုံများရှိခဲ့ကြောင်း ပန္နက်အား ပေါ်အောင် တူးဖော်မှုမပြုနိုင်ခဲ့ဘဲ ပန္နက်ပုံအား သုံးသပ်နိုင်ရန် ကျင်းကွက်များကို ကျော် ဖောက်၍ တူးဖော်ခဲ့သဖြင့် အဆောက်အအုံအား တွေ့ရှိဝတ္ထုပစ္စည်းများနှင့် ပန္နက်ပုံစံအားလည်း အခြားသော ပျူမြို့ဟောင်းတူးဖော်မှုများနှင့် နှိုင်းယှဉ် ကာခန့်မှန်းသုံးသပ်ခဲ့ရပြီး ထိုအဆောက်အအုံပေါ်တွင် နောက်ထပ်လူနေထိုင် မှုရှိသည်ဟု သုံးသပ်၍ ယဉ်ကျေးမှု (၂) ဆက် ဖြစ်တည်ခဲ့မည်ဟု သုံးသပ်ခဲ့ ကြောင်းတွေ့ရပါသည်။,Good
တူးဖော်မှုကုန်းအမှတ်(၄၂)(ရဟန္တာတံခါးဝင်ပေါက်လက်တံ),18.79265,95.2809,Excavated Site,ရဟန္တာတံခါးပေါက်သည် သရေခေတ္တရာမြို့ဟောင်း၏ တောင်ဘက်တွင် တည်ရှိသည်။ ရဟန္တာတံခါးပေါက်သည် မြို့ရိုး၏အနောက်ဘက်ခြမ်းနှင့် တောင် ဘက်ခြမ်းကို ဆက်စပ်ပေးသော မြို့ဝင်ပေါက်တစ်ခုဖြစ်သည်။ ၂၀၀၇-၂၀၀၈ ဘဏ္ဍာရေးနှစ်တွင် တူးဖော်ခဲ့ပါသည်။ သရေခေတ္တရာမြို့ဟောင်းရှိ တူးဖော်ထိန်း သိမ်းထားသော မြို့တံခါးပေါက် (၉) ခုရှိသည့် အနက်တစ်ခုဖြစ်သည်။ မူလက မြို့ရိုးလက်တံများသည် တစ်ဖက်လျှင်အရှည် (၇၆.၂၀)မီတာခန့်ရှိမည်ဟု ခန့်မှန်း ရပါသည်။ မြို့ဝင်ပေါက်လက်တံနှစ်ဖက်သည် တောင်ဘက်မြို့ရိုး၏ တစ်ဖက် တစ်ချက်စီမှ မြောက်ဘက်သို့ တံတောင်ဆစ်ချိုးကွေးဝိုက်ကာ ထိပ်ဝကျယ်၍ အတွင်းဘက်သို့ တဖြည်းဖြည်းကျဉ်းမြောင်းသွားသည်။ အနောက်ဘက်လက်တံ ထိပ်တွင် ဝင်ပေါက်ပါ အုတ်ခုံနှစ်ခုဖြင့် သူရဲခိုတစ်ခုကို မြို့ရိုးလက်တံ၏ ပို့ချ မြေလွှာပေါ်တွင် ဆောက်လုပ်ထားသည်။ သရေခေတ္တရာမြို့ဟောင်းရှိ မြို့ဝင် ပေါက်များသည် အခြားပျူမြို့ဟောင်းများဖြစ်သော ဟန်လင်းမြို့ဟောင်း၊ ဗိဿနိုးမြို့ဟောင်းတို့၏ မြို့ဝင်ပေါက်ပုံသဏ္ဌာန်များနှင့် တူညီနေကြောင်း တွေ့ရှိရပါသည်။,Good
တူးဖော်မှုကုန်းအမှတ်-၄၃ (ခ)(နတ်ပေါက်တံခါးဝင်ပေါက်လက်တံ),18.79265,95.2809,Excavated Site,သရေခေတ္တရာမြို့ဟောင်း၏ မြောက်ဘက်တွင်တည်ရှိပါသည်။ ၂၀၀၉-၂၀၁၀ ခုနှစ်တွင် စတင်တူးဖော်ခဲ့ပါသည်။ သရေခေတ္တရာမြို့ဟောင်းရှိ မြို့ဝင် ပေါက်မြို့ရိုးလက်တံများသည် နှစ်ခုပါရှိသော်လည်း နတ်ပေါက်ရှိ အနောက် ဘက်ခြမ်း မြို့ရိုးလက်တံသည် ယခုမှော်ဇာရွာအတွင်းသို့ သွားသော ကားလမ်း အဖြစ်တွေ့မြင်နိုင်ပြီး၊ အရှေ့ဘက်ခြမ်းရှိ မြို့ရိုးလက်တံတစ်ခုသာ ကျန်ရှိနေပါ သည်။ ၎င်းသည် တောင်-မြောက်တန်းနေပြီး အလျား(၃၀.၆)မီတာ၊ အကျယ် (၁၁.၃) မီတာနှင့် အမြင့် (၄) မီတာ ရှိသည်။ ၎င်းမြို့ရိုးလက်တံနှင့် ဆက်စပ်နေ သောမြို့ရိုးသည် ဗြိသိသျှကိုလိုနီခေတ်တွင် ပြည်-ပေါက်ခေါင်း ကားလမ်း အဖြစ် အသုံးပြုခဲ့ရာ ယနေ့အချိန်အထိဖြစ်သည်။ သရေခေတ္တရာမြို့ဟောင်းရှိ တူးဖော်ထိန်းသိမ်းထားသော မြို့ဝင်ပေါက် (၉) ခုအနက် တစ်ခုဖြစ်သည်။ နတ် ပေါက်သည် ပျူခေတ်အလယ်ပိုင်း (အေဒီ ၄-၇ ရာစု)တွင် တည်ဆောက်ခဲ့သည် ဟုခန့်မှန်းပါသည်။ ပျူတို့၏မြို့ပြတည်ဆောက်မှု ဗိသုကာပညာ အမှတ်အသား အတွက် အရေးပါသော မြို့ဝင်ပေါက်ဖြစ်ခြင်းကြောင့် ကမ္ဘာ့အမွေအနှစ် စံချိန် စံညွှန်းဝင်အဖြစ် သတ်မှတ်ခဲ့ခြင်း ဖြစ်ပါသည်။,Good
တူးဖော်မှုကုန်းအမှတ်(၄၄)(အတွင်းနန်းတော်ရာ အရှေ့ဘက်အုတ်ရိုးတန်း),18.8047,95.28723,Excavated Site,နန်းတော်ရာသည် သရေခေတ္တရာမြို့ဟောင်း၏ အလယ်ဗဟို မကျတ ကျတွင်တည်ရှိသည်။ နန်းမြို့ရိုးသည် အလျား (၅၁၈.၁၆) မီတာ၊ အနံ (၃၄၂. ၉)မီတာ ရှိသည်။ (၀.၆၁) မီတာခန့်ကျယ်သော အုတ်မြို့ရိုးတန်း နှစ်ခု အကြားတွင် (၃.၆၅၈) မီတာခန့်ကျယ်သော မြေသားကို အုတ်ကျိုး၊ အုတ်ပဲ့ များနှင့်ရော၍ ဝမ်းစာသိပ်ကာ တည်ဆောက်ထားကြောင်းတွေ့ရသည်။ နန်း မြို့ရိုး၏ထုမှာ (၃.၀၄၈) မီတာမှ (၅.၁၈၂) မီတာအထိရှိပြီး နန်းတော်ရာ ပတ် လည်ကို ကျုံးဖြင့် ဝန်းရံထားသည်။ ပျူမြို့ဟောင်းများ၏ မြို့အင်္ဂါရပ်တွင် အဓိကဖြစ်သော နန်းတော်ရာကို (၁၉၆၈-၁၉၆၉) ခုနှစ်မှ စတင်၍ တူးဖော် သုတေသနပြုလုပ်ခဲ့ရာ (၂၀၁၀) ခုနှစ်မှ (၂၀၁၂-၂၀၁၃) ခုနှစ်အထိ (၁၄)ကြိမ် တူးဖော်သုတေသနပြုလုပ်ခဲ့ပါသည်။ ယင်းသို့ တူးဖော်သုတေသနပြုမှုများ အ ကြောင်း နန်းမြို့ရိုးအရှေ့တောင်ထောင့်ရှိ ကင်းမျှော်စင် နန်းမြို့ရိုးအတွင်းရှိ နန်းတော်ရာပန္နက်ခုံ (သို့) နန်းတော်ရာ၏ အဆောက်အအုံအစုအဝေး အရှေ့ ဘက်အပြင် နန်းမြို့ရိုး၊ အတွင်းနန်းမြို့ရိုးများ၊ အရှေ့ဘက်နန်းမြို့ရိုး အလယ် ဝင်ပေါက်၊ နန်းတော်ရာအတွင်း အုတ်ပန္နက်ခုံအစိတ်အပိုင်းများကို တွေ့ရှိခဲ့ပါ သည်။ နန်းတော်ရာတူးဖော်မှုမှ အုတ်ကြွပ်အမိုးပြားများ၊ သံထည်ပစ္စည်းများ၊ သံမယ်နများ၊ ကြေးထည်ပစ္စည်းများ၊ အုတ်ခွက်ဘုရားများ၊ မြေပုတီးစေ့များ၊ ဖန်းပုတီးစေ့များ၊လက်စင်းရာပါ အုတ်ချပ်များ၊ ပျူစာအုတ်ချပ်များ၊ အိုးခြမ်း ကွဲများတွေ့ရှိခဲ့ပါသည်။ တူးဖော်သုတေသနပြုမှုများအရ နန်းတော်ရာတွင် ပါ ဝင်သော အဆောက်အဦးများသည် အချိန်ကာလတစ်ခုတည်းတွင် တစ်ပြိုင် တည်း တည်ဆောက်ခဲ့ခြင်း မဟုတ်ပဲ ပျူခေတ်အဆက်ဆက် တည်ဆောက်ခဲ့ ခြင်းဖြစ်မည်ဟု ယူဆရပါသည်။,Good
ကုန်းအမှတ်(၄၅)၊အတွင်းနန်းတော်ရာ,18.804213,95.286704,Excavated Site,နန်းတော်ရာသည် သရေခေတ္တရာမြို့ဟောင်း၏ အလယ်ဗဟို မကျတ ကျတွင်တည်ရှိသည်။ နန်းမြို့ရိုးသည် အလျား (၅၁၈.၁၆) မီတာ၊ အနံ (၃၄၂. ၉) မီတာရှိသည်။ (၀.၆၁) မီတာခန့် ကျယ်သော အုတ်မြို့ရိုးတန်းနှစ်ခုအ ကြားတွင် (၃.၆၅၈) မီတာခန့်ကျယ်သော မြေသားကို အုတ်ကျိုး၊ အုတ်ပဲ့များ နှင့်ရော၍ ဝမ်းစာသိပ်ကာ တည်ဆောက်ထားကြောင်းတွေ့ရသည်။ နန်းမြို့ရိုး ၏ထုမှာ (၃.၀၄၈) မီတာမှ (၅.၁၈၂) မီတာအထိရှိပြီး နန်းတော်ရာပတ်လည်ကို ကျုံးဖြင့် ဝန်းရံထားသည်။ ပျူမြို့ဟောင်းများ၏ မြို့အင်္ဂါရပ်တွင် အဓိကဖြစ် သော နန်းတော်ရာကို (၁၉၆၈-၁၉၆၉) ခုနှစ်မှ စတင်၍ တူးဖော်သုတေသန ပြု လုပ်ခဲ့ရာ (၂၀၁၀) ခုနှစ်မှ (၂၀၁၂-၂၀၁၃) ခုနှစ်အထိ (၁၄) ကြိမ် တူးဖော် သုတေသနပြုလုပ်ခဲ့ပါသည်။ ယင်းသို့ တူးဖော်သုတေသနပြုမှုများအကြောင်း နန်းမြို့ရိုးအရှေ့တောင်ထောင့်ရှိ ကင်းမျှော်စင်၊ နန်းမြို့ရိုးအတွင်းရှိ နန်းတော် ရာပန္နက်ခုံ(သို့) နန်းတော်ရာ၏ အဆောက်အအုံအစုအဝေး အရှေ့ဘက်အပြင် နန်းမြို့ရိုး၊ အတွင်းနန်းမြို့ရိုးများ၊ အရှေ့ဘက်နန်းမြို့ရိုး အလယ်ဝင်ပေါက်၊ နန်းတော်ရာအတွင်း အုတ်ပန္နက်ခုံအစိတ်အပိုင်းများကို တွေ့ရှိခဲ့ပါသည်။ နန်း တော်ရာတူးဖော်မှုမှ အုတ်ကြွပ်အမိုးပြားများ၊ သံထည်ပစ္စည်းများ၊ သံမယ်န များ၊ ကြေးထည်ပစ္စည်းများ၊ အုတ်ခွက်ဘုရားများ၊ မြေပုတီးစေ့များ၊ ဖန်းပုတီး စေ့များ၊ လက်စင်းရာပါအုတ်ချပ်များ၊ ပျူစာအုတ်ချပ်များ၊ အိုးခြမ်းကွဲများ တွေ့ ရှိခဲ့ပါသည်။တူးဖော်သုတေသနပြုမှုများအရ နန်းတော်ရာတွင် ပါဝင်သော အဆောက်အအုံများသည် အချိန်ကာလ တစ်ခုတည်းတွင် တစ်ပြိုင်တည်း တည်ဆောက်ခဲ့ခြင်းမဟုတ်ပဲ ပျူခေတ်အဆက်ဆက် တည်ဆောက်ခဲ့ခြင်းဖြစ် မည်ဟု ယူဆရပါသည်။,Good
ကုန်းအမှတ်(၄၆)၊အတွင်းနန်းတော်ရာအရှေ့ဘက်ဝင်ပေါက်အစိတ်အပိုင်း(မြောက်ဘက်),18.80586,95.28908,Excavated Site,သရေခေတ္တရာမြို့ဟောင်းအတွင်းရှိ ရွှေနန်းဦးဘုရား၏ တောင်ဘက် အနီးတွင် တည်ရှိပါသည်။ ၂၀၀၉-၂၀၁၀ ခုနှစ်တွင် တူးဖော်သုတေသနပြုလုပ်ခဲ့ ပါသည်။ အုတ်ရိုးတန်းသည် အလျား (၁၇.၃) မီတာ၊ အနံ (၇) မီတာ၊ အမြင့် (၂.၆) မီတာရှိသော အရှေ့ဘက်နန်းတော်ရာမြို့ရိုး၏ ဝင်ပေါက်တံခါးဖြစ် ကြောင်း တွေ့ရှိရပါသည်။ မြို့ရိုးဖြစ်လင့်ကစား ဝမ်းစာရိုက်တည် ဆောက်ထား ခြင်းမဟုတ်ပေ။ အုတ်ရိုးတန်း အပြည့်တည်ဆောက်ထားမှု၊ မြေဝင်နှင့်အုတ်မြစ် ချတည်ဆောက်ထားသော နည်းစနစ်သည် သရေခေတ္တရာ ပျူလူမှု အဖွဲ့အစည်း ၏ အဆောက်အအုံတည်ဆောက်မှု နည်းပညာအဆင့်အတန်းကို ခန့်မှန်းတွက် ချက် နိုင်ပါသည်။ တူးဖော်မှုမှ  အိုးခြမ်ကွဲများ၊ သံမယ်နများ၊ အမိုးအုတ်ကြွပ် ပြားများ၊ မြေဒိုးလုံး စသည်တို့ကို တူးဖော်တွေ့ရှိရပါသည်။ နန်းတော်ရာ ဝင် ပေါက် ကုန်းအမှတ်(၄၆)သည် ပျူခေတ်ကာအလယ်ပိုင်း(အေဒီ၆-၇ ရာစု)တွင် တည်ဆောက်ခဲ့သော အဆောက်အအုံဖြစ်ပါသည်။ ဤနန်းတော်ရာဝင်ပေါက် သည် ပျူမြို့ပြတည်ဆောက်မှုဆိုင်ရာ ပုံစံပြုလက်ရာ အထိမ်းအမှတ်ဖြစ်၍ ကမ္ဘာ့အမွေအနှစ် စံချိန်စံညွှန်းအဖြစ် သတ်မှတ်ခဲ့ခြင်း ဖြစ်ပါသည်။,Damaged
တူးဖော်မှုကုန်းအမှတ် (၄၇),18.78729,95.28183,Excavated Site,ရှေးဟောင်းသုတေသနပညာများနှင့်သမိုင်းပညာရှင်များ၏အဆိုအရ သီရိခေတ္တရာသည် အေဒီ (၂) ရာစုခန့်တွင် စတင်တည်ထောင်ခဲ့ပြီး အေဒီ (၅) ရာစုမှ (၉) ရာစု အတွင်းထွန်းကားခဲ့သည်။ ရာဇဝင်များအရ ရသေ့၊ သိကြား၊ နဂါး၊ ဂဠုန်၊ စန္ဒိ၊ ပရမေသွားရ၊ မဟာပိန္နဲတို့သည် သရေခေတ္တရာကို သက္ကရာဇ် (၁၀၁) ခုနှစ်တွင် ရွှေနန်းတော်နှင့်တကွ တည်၍ ဒွတ္တဘောင်မင်း အား သိကြားမှနန်းတင်တော်မူသည်။ အဓိက မြို့တံခါး (၃၂)နှင့် ဂိတ်တံခါး ငယ်(၃၃)ခုတို့ဖြစ်သည်။ သို့သော် ကံမကောင်းစွာဖြင့် အေဒီ (၉) ရာစုခန့်တွင် ထိုမြို့သည် ဖျက်ဆီးခံခဲ့ရသည်။,Good
တူးဖော်မှုကုန်းအမှတ်(၄၈),18.80469,95.28697,Excavated Site,သရေခေတ္တရာမြို့ဟောင်းအတွင်းရှိ နန်းမြို့ရိုး၏ အနောက်တောင် ထောင့် ထောင့်ချိုးတစ်ဖက်စီတွင် တူးဖော်ထိန်းသိမ်းရာမှ မူလက စိုက်ထူမှတ် သားထားခဲ့သော သံမယ်န(၃)ချောင်းကို တွေ့ရှိရပါသည်။ အနောက်တောင် ထောင့်၏အနောက်ဘက်ခြင်းတွင် သံမယ်န(၂)ချောင်းကို တစ်နေရာတည်း တွင် တွေ့ရပြီး၊ ၎င်းသံမယ်နများမှာ မတူညီသော အတိမ်အနက်ဖြင့် ပန္နက် တည်ထားသည်။ တောင်ဘက်ခြမ်းရှိ သံမယ်န(၁)ချောင်းမှာ မြေပြင်မှ (၆) လက်မခန့်သာ မြင်တွေ့နိုင်ပါသည်။ သရေခေတ္တရာမြို့ဟောင်းရှိ ပျူခေတ် ဗိသုကာအဆောက်အဦများ တည်ဆောက်ရာတွင် ပျူလူမျိုးတို့သည် ယုံကြည် မှုအရသော်လည်းကောင်း၊ မကောင်းဆိုးဝါးတို့၏ ဘေးအန္တရာယ်ကို ကာကွယ် ရန်အတွက်သော်လည်းကောင်း သံမယ်နကြီးများကို စိုက်ထူးထားခဲ့ခြင်း ဖြစ် မည်ဟု ယူဆကြပါသည်။ ၎င်းသံမယ်နများမှာ ထောင့်တည့်တည့်မဟုတ်ဘဲ ထောင့်၏ဘေးတွင်ရှိသော ပန္နက်ကြိုးဆွဲသော သံငုတ်များဖြစ်မည်ဟု ထင်ရ ပါသည်။ ၎င်းအပြင် ရွှေတံခါးမြို့ဝင်ပေါက်ကို တူးဖော်သည့် အခါတွင်လည်း သံမယ်နကြီး(၇)ချောင်းကို မြို့ရိုးအုတ်နံရံ၏ အပြင်ဘက်အောက်ခြေ၌ ကပ် လျက် စိုက်ထူးထားသည်ကို တွေ့ရှိရပါသည်။ ဤကဲ့သို့ မြို့ရိုး၊ မြို့ဝင်ပေါက် များတွင် သံမယ်နကြီးများ စိုက်ထူသောဓလေ့ကို သရေခေတ္တရာမြို့ဟောင်း တွင်သာတွေ့ရှိရခြင်း အခြားပျူမြို့ဟောင်းများတွင်မူမတွေ့ရှိရပေ။ ထို့ကြောင့် သရေခေတ္တရာမြို့ဟောင်းတွင် သံထည်ပစ္စည်းနှင့် လက်နက်ကိရိယာများကို သက်ဆိုင်ရာနေရာအသီးသီးတွင် ထုတ်လုပ်အသုံးချခဲ့ရုံမျှမက ယုံကြည်မှု ဓလေ့ ထုံးစံအတွက်လည်း အသုံးပြုခဲ့ကြောင်း တွက်ဆနိုင်ပါသည်။,Moderate
တူးဖော်မှုကုန်းအမှတ်-၄၉,18.80435,95.28665,Excavated Site,ရှေးဟောင်းသုတေသနပညာရှင်များနှင့် သမိုင်းပညာရှင်များ၏ အဆိုအရ သီရိခေတ္တရာသည် အေဒီ (၂) ရာစုခန့်တွင်စတင် တည်ထောင် ခဲ့ပြီးအေဒီ (၅) ရာစုမှ (၉) ရာစုအတွင်းထွန်းကား ခဲ့သည်။ ရာဇဝင်များ အရ ရသေ့၊ သိကြား၊ နဂါး၊ ဂဠုန်၊ စန္နိ၊ ပရမေသွာရ၊ မဟာပိန္နဲတို့သည် သရေခေတ္တရာကို  သက္ကရာဇ် (၁၀၁) ခုနှစ်တွင် ရွှေနန်းတော်နှင့် တကွ တည်၍ ဒွတ္တဘောင်မင်းအား သိကြားမှ နန်းတင်တော်မူသည်။  အဓိက မြို့တံခါး (၃၂) ခုနှင့် ဂိတ်တံခါးငယ် (၃၃) ခုတို့ဖြစ်သည်။ သို့သော် ကံမ ကောင်းစွာဖြင့်အေဒီ (၉) ရာစုခန့်တွင် ထိုမြို့သည်ဖျက်ဆီးခံခဲ့ရသည်။,Damaged
တူးဖော်မှုကုန်းအမှတ်-၅၀,18.78643,95.27665,Excavated Site,ရှေးဟောင်းသုတေသနပညာရှင်များနှင့် သမိုင်းပညာရှင်များ၏ အဆိုအရ သီရိခေတ္တရာသည် အေဒီ (၂) ရာစုခန့်တွင်စတင် တည်ထောင် ခဲ့ပြီးအေဒီ (၅) ရာစုမှ (၉) ရာစုအတွင်းထွန်းကား ခဲ့သည်။ ရာဇဝင်များ အရ ရသေ့၊ သိကြား၊ နဂါး၊ ဂဠုန်၊ စန္နိ၊ ပရမေသွာရ၊ မဟာပိန္နဲတို့သည် သရေခေတ္တရာကို  သက္ကရာဇ် (၁၀၁) ခုနှစ်တွင် ရွှေနန်းတော်နှင့် တကွ တည်၍ ဒွတ္တဘောင်မင်းအား သိကြားမှ နန်းတင်တော်မူသည်။  အဓိက မြို့တံခါး (၃၂) ခုနှင့် ဂိတ်တံခါးငယ် (၃၃) ခုတို့ဖြစ်သည်။ သို့သော် ကံမ ကောင်းစွာဖြင့်အေဒီ (၉) ရာစုခန့်တွင် ထိုမြို့သည်ဖျက်ဆီးခံခဲ့ရသည်။,Urgent
University of Computer Studies (Pyay),18.823326292091984,95.255813,Excavated Site,Nil,Good
